<?xml version="1.0" encoding="utf-8"?>
<License>
  <Id>9648b0a5-99c3-494c-8c58-1b231374657d</Id>
  <ProductName>Barcode.dll</ProductName>
  <SubscriptionUntil>2014-12-27</SubscriptionUntil>
  <RegisteredTo>Victor Alexander Andara</RegisteredTo>
  <LicenseType>single developer</LicenseType>
  <BuyerName>BMS Soluciones</BuyerName>
  <Signature xmlns="http://www.w3.org/2000/09/xmldsig#">
    <SignedInfo>
      <CanonicalizationMethod Algorithm="http://www.w3.org/TR/2001/REC-xml-c14n-20010315" />
      <SignatureMethod Algorithm="http://www.w3.org/2000/09/xmldsig#rsa-sha1" />
      <Reference URI="">
        <Transforms>
          <Transform Algorithm="http://www.w3.org/2000/09/xmldsig#enveloped-signature" />
        </Transforms>
        <DigestMethod Algorithm="http://www.w3.org/2000/09/xmldsig#sha1" />
        <DigestValue>Fyx3MfOZHG8l1aIdpR3eDmODatQ=</DigestValue>
      </Reference>
    </SignedInfo>
    <SignatureValue>mcfEULT8DEU5jMCoqoz32f9W9pNpz92bPxspWK6JJVCst40t0HSwxiE2kPnw9uBkCE2OV7kkXmQIoHvG2rEr8br73+24CdLnDTpaO2eSRHO7XhvMP/jnaEIxbE+h+0Ca8PNcNwwdMjIJTO7yZPEZGqoqvIRot+qxZJG79zfeiHQ=</SignatureValue>
  </Signature>
</License>